{"base_files_url": "https://raw.githubusercontent.com/YamamotoKaderate/TMNTturtleguy_ComicBook_for_MiSTerFPGA/a830f2745cd0227f653c320003f0b2659ea447f0/", "db_id": "YamamotoKaderate/TMNTturtleguy_ComicBook_for_MiSTerFPGA", "db_url": "https://raw.githubusercontent.com/YamamotoKaderate/TMNTturtleguy_ComicBook_for_MiSTerFPGA/db/db.json.zip", "files": {"Wallpapers/TMNTturtleguy_ComicBook_TMNT.png": {"hash": "608d216ef05a4f691a87c431bf2e7236", "size": 1155034, "tags": [16, 17, 79]}, "Wallpapers/TMNTturtleguy_ComicBook_amiga.png": {"hash": "78affd5b55eed133bf699415b0559a09", "size": 1511936, "tags": [16, 17, 18]}, "Wallpapers/TMNTturtleguy_ComicBook_amstradcpc.png": {"hash": "afcc0c7e7b5531c70b3c950596afcd36", "size": 1726177, "tags": [16, 17, 19]}, "Wallpapers/TMNTturtleguy_ComicBook_apple2.png": {"hash": "5b8fac85c6e216c8c375e535e54a8b6e", "size": 1457431, "tags": [16, 17, 20]}, "Wallpapers/TMNTturtleguy_ComicBook_arcade.png": {"hash": "fbb99e143afb6eaca0087fefb0d2f534", "size": 985418, "tags": [16, 17, 21]}, "Wallpapers/TMNTturtleguy_ComicBook_atari2600.png": {"hash": "13d5594ce0c1ff8c896d90bede30d113", "size": 777411, "tags": [16, 17, 22]}, "Wallpapers/TMNTturtleguy_ComicBook_atari5200.png": {"hash": "e47e69b34b4db3f8f7659957a65bb364", "size": 709751, "tags": [16, 17, 23]}, "Wallpapers/TMNTturtleguy_ComicBook_atari7800.png": {"hash": "fb9088d65aedc7e7ecc9d97817268160", "size": 1196887, "tags": [16, 17, 24]}, "Wallpapers/TMNTturtleguy_ComicBook_atari800.png": {"hash": "4f719a2fcf81d98dd3ef8a2836eba3cc", "size": 1538726, "tags": [16, 17, 25]}, "Wallpapers/TMNTturtleguy_ComicBook_atarilynx.png": {"hash": "2d8c4e0e5f23158f148b613c7ba6aeda", "size": 1670094, "tags": [16, 17, 26]}, "Wallpapers/TMNTturtleguy_ComicBook_atarist.png": {"hash": "97b0777d2589fa2fa9d110df59b6770c", "size": 1855138, "tags": [16, 17, 27]}, "Wallpapers/TMNTturtleguy_ComicBook_batman.png": {"hash": "b35dbe95a3b43237eb9d0e6e60bd3080", "size": 1205637, "tags": [16, 17, 28]}, "Wallpapers/TMNTturtleguy_ComicBook_bbcmicro.png": {"hash": "9ca5aff450507f5dcf1c0cecee4b1c2a", "size": 610057, "tags": [16, 17, 29]}, "Wallpapers/TMNTturtleguy_ComicBook_btmups.png": {"hash": "c50cd526da0ea83fb18fef76431b8cb5", "size": 1591533, "tags": [16, 17, 30]}, "Wallpapers/TMNTturtleguy_ComicBook_c64.png": {"hash": "724198a9f9f99bf50b3eb78e38493bde", "size": 1550203, "tags": [16, 17, 31]}, "Wallpapers/TMNTturtleguy_ComicBook_capcom.png": {"hash": "7b7607eef8fbf7b77b3a2bc43ce2bf92", "size": 1628719, "tags": [16, 17, 32]}, "Wallpapers/TMNTturtleguy_ComicBook_channelf.png": {"hash": "b22f5765717587634d2a8db7d0e1a191", "size": 1445590, "tags": [16, 17, 33]}, "Wallpapers/TMNTturtleguy_ComicBook_coco.png": {"hash": "a9fffdfdb6d3bf69f21ff6a31b1268af", "size": 1417658, "tags": [16, 17, 34]}, "Wallpapers/TMNTturtleguy_ComicBook_colecovision.png": {"hash": "0fd695308a4918b513b87b0bc7697bdd", "size": 1663481, "tags": [16, 17, 35]}, "Wallpapers/TMNTturtleguy_ComicBook_cps1.png": {"hash": "ecf2a525330e72ab1d9436679b6abcd3", "size": 1688802, "tags": [16, 17, 36]}, "Wallpapers/TMNTturtleguy_ComicBook_cps2.png": {"hash": "af8609f2c62bfc6a9aca83bfbd54fcda", "size": 1654908, "tags": [16, 17, 37]}, "Wallpapers/TMNTturtleguy_ComicBook_cps3.png": {"hash": "a67702046185e084ad54b86237cb1d3b", "size": 1703556, "tags": [16, 17, 38]}, "Wallpapers/TMNTturtleguy_ComicBook_dragon32.png": {"hash": "8fbe055378e90104b663915e0fa57bef", "size": 897043, "tags": [16, 17, 39]}, "Wallpapers/TMNTturtleguy_ComicBook_fighting.png": {"hash": "56bb95fc2555d26dbe5cde8550c9411d", "size": 1343302, "tags": [16, 17, 40]}, "Wallpapers/TMNTturtleguy_ComicBook_gameandwatch.png": {"hash": "c4f7638a1972b48900e7a3939fe7d4d9", "size": 1735575, "tags": [16, 17, 41]}, "Wallpapers/TMNTturtleguy_ComicBook_gamegear.png": {"hash": "56f7a8616202c2ceb408e402736ba3dd", "size": 1476482, "tags": [16, 17, 42]}, "Wallpapers/TMNTturtleguy_ComicBook_gb.png": {"hash": "77d1eb8fceec7e4c36aadea4f73105bc", "size": 1599737, "tags": [16, 17, 43]}, "Wallpapers/TMNTturtleguy_ComicBook_gba.png": {"hash": "5fe8aae900baf0f8d8819b28a2ddf7bc", "size": 1555672, "tags": [16, 17, 44]}, "Wallpapers/TMNTturtleguy_ComicBook_gbc.png": {"hash": "bb034ed25ad2f7cf6c19585a3448b890", "size": 1539654, "tags": [16, 17, 45]}, "Wallpapers/TMNTturtleguy_ComicBook_intellivision.png": {"hash": "1136a69e9298b5ca059fda19acaebdbe", "size": 1703919, "tags": [16, 17, 46]}, "Wallpapers/TMNTturtleguy_ComicBook_kids.png": {"hash": "4995ae23402d0790c6842781f0d5af31", "size": 1117077, "tags": [16, 17, 47]}, "Wallpapers/TMNTturtleguy_ComicBook_macintosh.png": {"hash": "fe339fe44977970fa55aec82db667bf8", "size": 1230317, "tags": [16, 17, 48]}, "Wallpapers/TMNTturtleguy_ComicBook_mario.png": {"hash": "9f7b5bd066bfc99e593879ecddd2706e", "size": 1233048, "tags": [16, 17, 49]}, "Wallpapers/TMNTturtleguy_ComicBook_mastersystem.png": {"hash": "59fbdec14b889fa871ff8281e368a193", "size": 1325338, "tags": [16, 17, 50]}, "Wallpapers/TMNTturtleguy_ComicBook_megadrive.png": {"hash": "86133b13c8d1b316004bf3101efed2c5", "size": 1587638, "tags": [16, 17, 51]}, "Wallpapers/TMNTturtleguy_ComicBook_megaman.png": {"hash": "4d166d81e2a9ff76d6502a1e79c67fa2", "size": 1102833, "tags": [16, 17, 52]}, "Wallpapers/TMNTturtleguy_ComicBook_msx.png": {"hash": "b4584176a7f5aeed432147310a9a2f27", "size": 1747441, "tags": [16, 17, 53]}, "Wallpapers/TMNTturtleguy_ComicBook_msx2.png": {"hash": "3845755590ec6832dd91aefff3eaf4fc", "size": 1119256, "tags": [16, 17, 54]}, "Wallpapers/TMNTturtleguy_ComicBook_n64.png": {"hash": "49e96b02d6d4fa472ed8b36e231ec3ca", "size": 1532859, "tags": [16, 17, 55]}, "Wallpapers/TMNTturtleguy_ComicBook_neogeo.png": {"hash": "114157446198e03247d4215ea15eaca9", "size": 1641477, "tags": [16, 17, 56]}, "Wallpapers/TMNTturtleguy_ComicBook_nes.png": {"hash": "ab1a4854375e5eeea8aad3f1918283dc", "size": 1177819, "tags": [16, 17, 57]}, "Wallpapers/TMNTturtleguy_ComicBook_nesh.png": {"hash": "cdb6f01bf362e524a6968a03b07c1b4c", "size": 1274063, "tags": [16, 17, 58]}, "Wallpapers/TMNTturtleguy_ComicBook_odyssey2.png": {"hash": "f298aa84825e33b90f70a93b484fa907", "size": 866752, "tags": [16, 17, 59]}, "Wallpapers/TMNTturtleguy_ComicBook_oric.png": {"hash": "9937a9372f71c7554828205fe651a829", "size": 521392, "tags": [16, 17, 60]}, "Wallpapers/TMNTturtleguy_ComicBook_pc.png": {"hash": "fe2d2d22d0ad38168c9f2256505414c3", "size": 1680758, "tags": [16, 17, 61]}, "Wallpapers/TMNTturtleguy_ComicBook_pce-cd.png": {"hash": "3a2ca1928e90eb483b2e8323866bb04c", "size": 1430401, "tags": [16, 17, 62]}, "Wallpapers/TMNTturtleguy_ComicBook_pcengine.png": {"hash": "cad3617ebbea738f167a27efa8966c6b", "size": 1421967, "tags": [16, 17, 63]}, "Wallpapers/TMNTturtleguy_ComicBook_psx.png": {"hash": "589e9b125c6fbb2167db7eb8b2d458c8", "size": 1843409, "tags": [16, 17, 64]}, "Wallpapers/TMNTturtleguy_ComicBook_racing.png": {"hash": "8dbeee454ae869c91b5e159ec2a8354b", "size": 1327396, "tags": [16, 17, 65]}, "Wallpapers/TMNTturtleguy_ComicBook_scummvm.png": {"hash": "33a61bc8b88376f50f6d3384bb93f0bb", "size": 1774219, "tags": [16, 17, 66]}, "Wallpapers/TMNTturtleguy_ComicBook_sega32x.png": {"hash": "1855597b6699115e491b098fd417e108", "size": 1609618, "tags": [16, 17, 67]}, "Wallpapers/TMNTturtleguy_ComicBook_segacd.png": {"hash": "3a9aee68af498b311516cd7ed687fa8b", "size": 1620712, "tags": [16, 17, 68]}, "Wallpapers/TMNTturtleguy_ComicBook_sfc.png": {"hash": "dc3eb40d5ef965b997fe8bd243d27231", "size": 1471021, "tags": [16, 17, 69]}, "Wallpapers/TMNTturtleguy_ComicBook_sg-1000.png": {"hash": "e427d63b7443f57e59824d40cc7a1601", "size": 1060046, "tags": [16, 17, 70]}, "Wallpapers/TMNTturtleguy_ComicBook_shmups.png": {"hash": "eaffaf51d77371e44e9057510b781605", "size": 1254612, "tags": [16, 17, 71]}, "Wallpapers/TMNTturtleguy_ComicBook_snes.png": {"hash": "d393d34e9a2af52b55ab259bc2284c17", "size": 1493390, "tags": [16, 17, 72]}, "Wallpapers/TMNTturtleguy_ComicBook_sonic.png": {"hash": "e1c7353e9f13668ddab837c6347cec8f", "size": 1307795, "tags": [16, 17, 73]}, "Wallpapers/TMNTturtleguy_ComicBook_supergrafx.png": {"hash": "ad8c7453b4e1ad654b6a2723f562f0db", "size": 1378935, "tags": [16, 17, 74]}, "Wallpapers/TMNTturtleguy_ComicBook_tg-cd.png": {"hash": "f8d3145e674fe46eb99598333816fdd4", "size": 1629649, "tags": [16, 17, 75]}, "Wallpapers/TMNTturtleguy_ComicBook_tg16.png": {"hash": "0a4a52f813048e56e34367d22428ff9d", "size": 1178767, "tags": [16, 17, 76]}, "Wallpapers/TMNTturtleguy_ComicBook_tg16cd.png": {"hash": "dd17d30ce307b5fed5d5313556306d51", "size": 1629649, "tags": [16, 17, 77]}, "Wallpapers/TMNTturtleguy_ComicBook_ti99.png": {"hash": "ca51f51ce1ffa6a38967fa4fb4dfaaeb", "size": 1173789, "tags": [16, 17, 78]}, "Wallpapers/TMNTturtleguy_ComicBook_trs-80.png": {"hash": "53b5562cdf23bb2ff6aa7bd9ddfbe4bb", "size": 874399, "tags": [16, 17, 80]}, "Wallpapers/TMNTturtleguy_ComicBook_vectrex.png": {"hash": "63a39f934ab58fdee2fc6bf0374f25a6", "size": 1562194, "tags": [16, 17, 81]}, "Wallpapers/TMNTturtleguy_ComicBook_videopac.png": {"hash": "2ea1c66edfe97adb6d4d31ad602d3d42", "size": 849407, "tags": [16, 17, 82]}, "Wallpapers/TMNTturtleguy_ComicBook_wonderswan.png": {"hash": "f5e0a96d7f8a024bfce0646295aa8043", "size": 1896847, "tags": [16, 17, 83]}, "Wallpapers/TMNTturtleguy_ComicBook_wonderswancolor.png": {"hash": "e23dee44b8f65ec6cf64d9e6eba5914b", "size": 1633047, "tags": [16, 17, 84]}, "Wallpapers/TMNTturtleguy_ComicBook_zxspectrum.png": {"hash": "3eaddc932b3bda73c7c487fc9fe91551", "size": 843607, "tags": [16, 17, 85]}}, "folders": {"Wallpapers": {"tags": [16]}}, "tag_dictionary": {"ar169": 17, "tmntturtleguycomicbookamiga": 18, "tmntturtleguycomicbookamstradcpc": 19, "tmntturtleguycomicbookapple2": 20, "tmntturtleguycomicbookarcade": 21, "tmntturtleguycomicbookatari2600": 22, "tmntturtleguycomicbookatari5200": 23, "tmntturtleguycomicbookatari7800": 24, "tmntturtleguycomicbookatari800": 25, "tmntturtleguycomicbookatarilynx": 26, "tmntturtleguycomicbookatarist": 27, "tmntturtleguycomicbookbatman": 28, "tmntturtleguycomicbookbbcmicro": 29, "tmntturtleguycomicbookbtmups": 30, "tmntturtleguycomicbookc64": 31, "tmntturtleguycomicbookcapcom": 32, "tmntturtleguycomicbookchannelf": 33, "tmntturtleguycomicbookcoco": 34, "tmntturtleguycomicbookcolecovision": 35, "tmntturtleguycomicbookcps1": 36, "tmntturtleguycomicbookcps2": 37, "tmntturtleguycomicbookcps3": 38, "tmntturtleguycomicbookdragon32": 39, "tmntturtleguycomicbookfighting": 40, "tmntturtleguycomicbookgameandwatch": 41, "tmntturtleguycomicbookgamegear": 42, "tmntturtleguycomicbookgb": 43, "tmntturtleguycomicbookgba": 44, "tmntturtleguycomicbookgbc": 45, "tmntturtleguycomicbookintellivision": 46, "tmntturtleguycomicbookkids": 47, "tmntturtleguycomicbookmacintosh": 48, "tmntturtleguycomicbookmario": 49, "tmntturtleguycomicbookmastersystem": 50, "tmntturtleguycomicbookmegadrive": 51, "tmntturtleguycomicbookmegaman": 52, "tmntturtleguycomicbookmsx": 53, "tmntturtleguycomicbookmsx2": 54, "tmntturtleguycomicbookn64": 55, "tmntturtleguycomicbookneogeo": 56, "tmntturtleguycomicbooknes": 57, "tmntturtleguycomicbooknesh": 58, "tmntturtleguycomicbookodyssey2": 59, "tmntturtleguycomicbookoric": 60, "tmntturtleguycomicbookpc": 61, "tmntturtleguycomicbookpcecd": 62, "tmntturtleguycomicbookpcengine": 63, "tmntturtleguycomicbookpsx": 64, "tmntturtleguycomicbookracing": 65, "tmntturtleguycomicbookscummvm": 66, "tmntturtleguycomicbooksega32x": 67, "tmntturtleguycomicbooksegacd": 68, "tmntturtleguycomicbooksfc": 69, "tmntturtleguycomicbooksg1000": 70, "tmntturtleguycomicbookshmups": 71, "tmntturtleguycomicbooksnes": 72, "tmntturtleguycomicbooksonic": 73, "tmntturtleguycomicbooksupergrafx": 74, "tmntturtleguycomicbooktg16": 76, "tmntturtleguycomicbooktg16cd": 77, "tmntturtleguycomicbooktgcd": 75, "tmntturtleguycomicbookti99": 78, "tmntturtleguycomicbooktmnt": 79, "tmntturtleguycomicbooktrs80": 80, "tmntturtleguycomicbookvectrex": 81, "tmntturtleguycomicbookvideopac": 82, "tmntturtleguycomicbookwonderswan": 83, "tmntturtleguycomicbookwonderswancolor": 84, "tmntturtleguycomicbookzxspectrum": 85, "wallpapers": 16}, "timestamp": 1691247238}